endpoint_family,condition,metric,effect_estimate,ci95_low,ci95_high,effect_definition,bootstrap,bootstrap_design,seed
independent_security,SRACR 25% vs unprotected,attacker_accuracy_reduction,0.33758262606922324,0.30188653232677803,0.3748922029974245,unprotected correctness - SRACR correctness; positive means lower residual attacker accuracy,5000,stratified within dataset; equal-weight macro average across chest/retinal/fundus-4,20261002
independent_security,SRACR 25% vs unprotected,true_probability_reduction,0.33863049924396443,0.3171178349072422,0.3604742770086273,unprotected true-class probability - SRACR true-class probability; positive means less recoverable class evidence,5000,stratified within dataset; equal-weight macro average across chest/retinal/fundus-4,20261002
independent_security,SRACR 25% vs unprotected,nll_increase,2.1673417763670746,2.009631819075514,2.3314697084688074,SRACR NLL - unprotected NLL; positive means worse attacker fit,5000,stratified within dataset; equal-weight macro average across chest/retinal/fundus-4,20261002
independent_security,SRACR 50% vs unprotected,attacker_accuracy_reduction,0.4533525339556613,0.4164214628601728,0.4934402496134626,unprotected correctness - SRACR correctness; positive means lower residual attacker accuracy,5000,stratified within dataset; equal-weight macro average across chest/retinal/fundus-4,20261003
independent_security,SRACR 50% vs unprotected,true_probability_reduction,0.4462565673023174,0.42426821500260625,0.4680770696513198,unprotected true-class probability - SRACR true-class probability; positive means less recoverable class evidence,5000,stratified within dataset; equal-weight macro average across chest/retinal/fundus-4,20261003
independent_security,SRACR 50% vs unprotected,nll_increase,3.3069033473698144,3.1325722448875775,3.488554622308381,SRACR NLL - unprotected NLL; positive means worse attacker fit,5000,stratified within dataset; equal-weight macro average across chest/retinal/fundus-4,20261003
independent_security,SRACR 75% vs unprotected,attacker_accuracy_reduction,0.5530606565602842,0.5093272620229525,0.5976755743532549,unprotected correctness - SRACR correctness; positive means lower residual attacker accuracy,5000,stratified within dataset; equal-weight macro average across chest/retinal/fundus-4,20261004
independent_security,SRACR 75% vs unprotected,true_probability_reduction,0.5309909226660053,0.5075830892948449,0.5551817511461336,unprotected true-class probability - SRACR true-class probability; positive means less recoverable class evidence,5000,stratified within dataset; equal-weight macro average across chest/retinal/fundus-4,20261004
independent_security,SRACR 75% vs unprotected,nll_increase,3.616580552368903,3.440243388024586,3.793316636608839,SRACR NLL - unprotected NLL; positive means worse attacker fit,5000,stratified within dataset; equal-weight macro average across chest/retinal/fundus-4,20261004
utility_robustness,downsample50_bilinear,diagnostic_accuracy_change,-0.0010641867026826071,-0.010377885331347729,0.011106066179828275,shifted correctness - clean correctness; 0 indicates no accuracy change,5000,stratified within dataset; equal-weight macro average across chest/retinal/fundus-4,20261102
utility_robustness,downsample50_bilinear,prediction_agreement,0.9749307375424278,0.9629360868820102,0.98400657731447,proportion of shifted predictions identical to clean prediction,5000,stratified within dataset; equal-weight macro average across chest/retinal/fundus-4,20261102
utility_robustness,gaussian_blur_r1p5,diagnostic_accuracy_change,-0.00516466655707162,-0.01505749979316621,0.007075730176996,shifted correctness - clean correctness; 0 indicates no accuracy change,5000,stratified within dataset; equal-weight macro average across chest/retinal/fundus-4,20261103
utility_robustness,gaussian_blur_r1p5,prediction_agreement,0.9674278418693906,0.955315708945642,0.977150037230082,proportion of shifted predictions identical to clean prediction,5000,stratified within dataset; equal-weight macro average across chest/retinal/fundus-4,20261103
utility_robustness,jpeg_q40,diagnostic_accuracy_change,-0.008661164887896087,-0.022423856625504057,0.0052100625443886805,shifted correctness - clean correctness; 0 indicates no accuracy change,5000,stratified within dataset; equal-weight macro average across chest/retinal/fundus-4,20261104
utility_robustness,jpeg_q40,prediction_agreement,0.9640502729668775,0.9492994831707137,0.9760529652981254,proportion of shifted predictions identical to clean prediction,5000,stratified within dataset; equal-weight macro average across chest/retinal/fundus-4,20261104
