method,nominal_budget,n_images,protected_pixel_fraction_mean,max_abs_budget_match_error,attacker_accuracy,attacker_accuracy_ci95_low,attacker_accuracy_ci95_high,attacker_macro_f1,attacker_macro_f1_ci95_low,attacker_macro_f1_ci95_high,attacker_balanced_accuracy,attacker_true_probability_mean,attacker_true_probability_ci95_low,attacker_true_probability_ci95_high,attacker_nll_mean,attacker_nll_ci95_low,attacker_nll_ci95_high,attacker_entropy_mean
cam_priority,0.25,508.3333333333333,0.25008385350944246,0.0007061615065952,0.5247740542323566,0.4663354505592033,0.578764724148194,0.45685548018480265,0.4012292300667694,0.5104160100172287,0.5144728351734718,0.4979791700681188,0.4545164519182345,0.5390334530332351,2.4435871122321156,2.190283308155084,2.7067600047886966,0.34838373281057744
cam_priority,0.5,508.3333333333333,0.4999718115605309,0.0008603104382094666,0.40567512966061,0.34951686850421027,0.4619523202453209,0.3411526159280835,0.2877040379073015,0.389890927109181,0.39809037999612656,0.3875508545885873,0.3485665967410873,0.4245285300404626,3.6608867968477625,3.375432960218827,3.9508300032009855,0.3771781136269973
cam_priority,0.75,508.3333333333333,0.749970975443666,0.0008655996261073333,0.3100643306804885,0.25689518039666953,0.36353375258810844,0.24799720192556965,0.1984995756729626,0.2969236224605236,0.29648902753844986,0.29392106656367184,0.2611559887405554,0.3259649425657472,4.038856159475296,3.773931764520539,4.30976931972058,0.44989540873420575
center_roi,0.25,508.3333333333333,0.25011776479193104,0.0007568748908053667,0.6591383196930479,0.606321431526197,0.7110192849675352,0.6373454650070045,0.5822768601724141,0.6883127589556798,0.656531795184459,0.6381479892038903,0.599959878295974,0.6723456282822781,1.1664051656245844,1.044056769442527,1.30027209212595,0.3253803820383876
center_roi,0.5,508.3333333333333,0.4999608990034197,0.0008837204153243,0.501692142142626,0.45395403078761226,0.5449823197403242,0.4398874469241239,0.3972847310422787,0.47610261529342485,0.49861263974211195,0.4542397828172537,0.41901942123067354,0.48689811816042927,2.7223755327587216,2.5191590079918664,2.9195800999789494,0.37141421126617247
center_roi,0.75,508.3333333333333,0.7500196630000753,0.0008837204153243,0.40762628411548735,0.3578395109482228,0.4534925496857738,0.33435550309526585,0.2965366877285128,0.3690749303961099,0.40217609954452055,0.33330761492472805,0.3071524359967567,0.3576105228315419,5.043026208408272,4.72217670844411,5.373831264978199,0.45318086254922463
content_variance,0.25,508.3333333333333,0.2501087262071627,0.000830129751519,0.450993285691722,0.39945359616804144,0.5029546576014371,0.393854859956497,0.33943465307477666,0.44449404445816704,0.4386066858647503,0.4454940749759044,0.4022623685778613,0.4858099501554005,4.953833876534834,4.572161182708317,5.3432226842026935,0.2211264805236304
content_variance,0.5,508.3333333333333,0.4999717717525982,0.0008655996261073667,0.38054280975911653,0.3211621050414795,0.4364115036118014,0.27835474360579865,0.22709249543713592,0.3331899201030816,0.354777547651062,0.3944953694210436,0.3540511617256024,0.4346180527092085,4.6239788972076745,4.291758016527042,4.968487918521116,0.30462565864522945
content_variance,0.75,508.3333333333333,0.7500099176378398,0.000866371329953,0.3338026714329767,0.276991876535808,0.3923663826865614,0.20433239067996545,0.17641452476284444,0.22908081465847605,0.30320945945945943,0.34943527966141935,0.3084824567466726,0.3902482573612675,4.446430682049316,4.121541966162141,4.785447114429883,0.3406758800060102
log_roi_inspired,0.25,508.3333333333333,0.25009218766317104,0.0008474788368903666,0.4974665547078056,0.4497284433527918,0.5416926551978674,0.44927133167839167,0.4033331836812534,0.4926786278269876,0.49114145197443165,0.4653748335371773,0.4245607052004799,0.5036036892341822,4.419397871036673,4.072486865098736,4.775659833584302,0.24110491734147468
log_roi_inspired,0.5,508.3333333333333,0.49998328510394,0.0008655996261073667,0.39184412737093305,0.3367924269823004,0.44771282122361794,0.3020660260396655,0.2468954857787263,0.3572925761438874,0.36867425140451454,0.39021670457025115,0.35119836998616055,0.42868062285514547,4.7702063415237,4.429492629747398,5.12409572580696,0.3214140367504768
log_roi_inspired,0.75,508.3333333333333,0.7500047122970447,0.0008844921191699666,0.3320497550765607,0.27471153401905446,0.3898066852843937,0.20265307544191616,0.17546265679790907,0.22715021814125227,0.3014542652700547,0.3461698629153493,0.3052171585186539,0.3880476626430089,4.624241451517698,4.291531775107962,4.959630866449716,0.3228212170833553
random,0.25,508.3333333333333,0.250091330696419,0.0008670153127649,0.5296694339415858,0.48637925634388773,0.5695665301026432,0.47824773472526955,0.4402546977122765,0.5123664431617106,0.5259217459472129,0.48948169424325744,0.45499235279810524,0.5214327766356949,3.1283005907979935,2.856943071970346,3.3976300099102663,0.3592197249180151
random,0.5,508.3333333333333,0.4999873904285998,0.0009004255178837666,0.4544926716371243,0.40769048317447426,0.4969760681890707,0.38842163831347604,0.34848403397435684,0.4248582243903627,0.44398642362458157,0.4146079956634045,0.38304848776239747,0.44504695388155585,4.029238266664282,3.7411001984656145,4.32869568350881,0.4186338027738423
random,0.75,508.3333333333333,0.7500005385476275,0.00088449211917,0.45738921767402774,0.4214064509578284,0.48997890295358654,0.39507049355943996,0.3657740865104162,0.4202943361924932,0.45371958681169205,0.38299513149941977,0.3564986979661576,0.40893987038402185,4.506446431374256,4.199780573664826,4.826722704002226,0.44915673460714406
sracr_saliency,0.25,508.3333333333333,0.2501046874764324,0.0007738424810197333,0.52495087025988,0.4713686970760686,0.5785330434436912,0.4589963857559897,0.40290925175729714,0.5098196902066838,0.5154964965618357,0.4968815937894104,0.4532184177351993,0.538254716524072,2.483891808070666,2.2260727762286447,2.7481618686844307,0.34529662076250434
sracr_saliency,0.5,508.3333333333333,0.49997277156567455,0.0008270516496680999,0.4091809623734419,0.3524952750567047,0.4658666496901791,0.3469852888791795,0.2943520647903365,0.39607200121793573,0.40306987786055243,0.38925552694210325,0.3506916378938792,0.4261400287211144,3.623453377622107,3.3480475548590487,3.903824334342996,0.37912162910391817
sracr_saliency,0.75,508.3333333333333,0.7499733054669763,0.000820445765683,0.30947283976881884,0.2554759917008614,0.36767976273746933,0.23566659176029478,0.18678869071683377,0.2876258871569774,0.2924602549947543,0.30452116904169463,0.2731045553047297,0.3352531235316844,3.933130577420897,3.6739313017218937,4.19486112677263,0.45847008607828954
unprotected,0.0,508.3333333333333,0.0,0.0,0.8625334963291033,0.8166765651408242,0.903125500296014,0.8602361795289006,0.8121719136319333,0.9040467650705016,0.8609800139382796,0.8355120917234332,0.8016428951713044,0.8661896772045745,0.3165500311742397,0.24051393545163743,0.40452902188177814,0.2317413401648447
