dataset,method,nominal_budget,n_images,protected_pixel_fraction_mean,max_abs_budget_match_error,attacker_accuracy,attacker_accuracy_ci95_low,attacker_accuracy_ci95_high,attacker_macro_f1,attacker_macro_f1_ci95_low,attacker_macro_f1_ci95_high,attacker_balanced_accuracy,attacker_true_probability_mean,attacker_true_probability_ci95_low,attacker_true_probability_ci95_high,attacker_nll_mean,attacker_nll_ci95_low,attacker_nll_ci95_high,attacker_entropy_mean
chest,cam_priority,0.25,77,0.250060397855822,0.0011959720883218,0.7402597402597403,0.6363636363636364,0.8311688311688312,0.7193877551020408,0.6104830276705278,0.8223076923076923,0.7145833333333333,0.6730535406764452,0.6051736097129715,0.7357912207022309,0.573471832380629,0.4180900787110978,0.7515659433492189,0.6172611227643684
chest,cam_priority,0.5,77,0.4999918265666995,0.0016308710295298,0.6883116883116883,0.5844155844155844,0.7922077922077922,0.6760168302945302,0.5631205673758866,0.7755102040816326,0.6746527777777778,0.6254845244640653,0.56535684982097,0.6814997729748583,0.6224243470892007,0.4840777553473314,0.7814891631056899,0.711618363539574
chest,cam_priority,0.75,77,0.7498590231625393,0.0016308710295298,0.5974025974025974,0.4931818181818182,0.7012987012987013,0.5616161616161616,0.4468390804597701,0.6742436868686869,0.5652777777777778,0.5323083486843418,0.4800324534295828,0.5807072224772789,0.7485425586158774,0.6348756036723671,0.8799881256413776,0.8414548363290432
chest,center_roi,0.25,77,0.2501779476508077,0.0013046968236238,0.8051948051948052,0.7142857142857143,0.8961038961038961,0.8003457216940362,0.7010818813727315,0.8908107785503265,0.8017361111111111,0.7862977416484387,0.7256813661328384,0.8399981825092396,0.3285127597524733,0.2247006730154365,0.4488863524009287,0.4859701572565399
chest,center_roi,0.5,77,0.4999835573105676,0.0016852333971807,0.8831168831168831,0.8051948051948052,0.948051948051948,0.8791208791208791,0.7963112262539154,0.9460159293673056,0.8774305555555555,0.7404354572683186,0.6928532474275146,0.7828431213202027,0.3508181375672745,0.2751084533906631,0.4357907565645716,0.6691034088751958
chest,center_roi,0.75,77,0.7500393928827018,0.0016852333971807,0.8441558441558441,0.7532467532467533,0.922077922077922,0.8395833333333333,0.7530534866181537,0.9158163265306124,0.8395833333333333,0.6063419789462895,0.5785592575545435,0.6312354035578764,0.5202088596686646,0.4761751115930511,0.5690238141384606,0.926446656386504
chest,content_variance,0.25,77,0.2500789107778681,0.0015765086618788,0.7662337662337663,0.6753246753246753,0.8571428571428571,0.7433333333333334,0.6335272342675833,0.8444444444444444,0.7368055555555555,0.7569942211175894,0.6873623564258798,0.8189979044285107,0.4244389496674832,0.2918567236071892,0.5791700290054057,0.4407157068081984
chest,content_variance,0.5,77,0.5000007938173504,0.0016308710295298,0.6623376623376623,0.5454545454545454,0.7662337662337663,0.5458257713248639,0.4338235294117646,0.6703363914373088,0.59375,0.7061634450763851,0.6393415127481733,0.774265362670669,0.48493180793065,0.3562318750608396,0.6204374506564688,0.5129296325055582
chest,content_variance,0.75,77,0.7499976232101075,0.0016852333971808,0.5844155844155844,0.4675324675324675,0.7012987012987013,0.3688524590163934,0.3185840707964602,0.4122137404580153,0.5,0.6221290205593233,0.5497132729884092,0.6959105634166821,0.7000899235207837,0.5320709045213213,0.8692403743487758,0.5650182653981073
chest,log_roi_inspired,0.25,77,0.2500600926615115,0.0015765086618788,0.8701298701298701,0.7922077922077922,0.935064935064935,0.8634751773049645,0.7767790594498669,0.9407692307692308,0.8572916666666667,0.7721760308781227,0.7106017922402008,0.8252493239140937,0.3621446793467678,0.2463027621859478,0.4979571787832977,0.5105002514019581
chest,log_roi_inspired,0.5,77,0.5000360940560847,0.0016308710295298,0.7012987012987013,0.5974025974025974,0.8051948051948052,0.6177422836175265,0.4924670433145009,0.7433333333333334,0.640625,0.7000317428406183,0.6388590473101123,0.7618995259721558,0.4594126758323143,0.3481211226861391,0.5702124772100943,0.6052519090414631
chest,log_roi_inspired,0.75,77,0.7499890739335391,0.0017395957648317,0.5844155844155844,0.4675324675324675,0.7012987012987013,0.3688524590163934,0.3185840707964602,0.4122137404580153,0.5,0.6255941249720463,0.5523818338628519,0.7021874592264558,0.7169532738734666,0.5452866774795776,0.9014568928753084,0.541654286433738
chest,random,0.25,77,0.2501760144337097,0.0016351180895025,0.922077922077922,0.8571428571428571,0.974025974025974,0.9190042075736324,0.8518924070156885,0.9738095238095238,0.915277777777778,0.8220687020908702,0.7760265229681095,0.8622121843231189,0.2405377440511989,0.1718824883285645,0.317905263114873,0.4906839176120293
chest,random,0.5,77,0.5000567200049694,0.001735348704859,0.8831168831168831,0.8051948051948052,0.948051948051948,0.8727272727272727,0.790278650743767,0.944683908045977,0.859375,0.774304546319045,0.7292570513612652,0.8175611852825462,0.2984586778439403,0.2316702827577781,0.374211580977647,0.6065474618537141
chest,random,0.75,77,0.7500026153582342,0.0017395957648318,0.961038961038961,0.9090909090909092,1.0,0.9597069597069596,0.9075313089723794,1.0,0.9576388888888888,0.7238051221742259,0.6941260777317084,0.7526567906334803,0.3407998021692308,0.2963125425580081,0.3825406377007967,0.7867278961038059
chest,sracr_saliency,0.25,77,0.2501387643858125,0.0014259503858454,0.7532467532467533,0.6623376623376623,0.8441558441558441,0.7353951890034365,0.6258503401360545,0.8316326530612244,0.7302083333333333,0.6798326981241827,0.6125398151987752,0.7432673415822254,0.5596570432509173,0.40747793111906,0.7325728855265008,0.6062333003287446
chest,sracr_saliency,0.5,77,0.5000354224329806,0.0016559286833689,0.6883116883116883,0.5844155844155844,0.7922077922077922,0.6791666666666667,0.5702688990360223,0.7778908346027293,0.6791666666666667,0.6283078945495866,0.5697783734842942,0.6846187405264029,0.5994726309333046,0.4730814389873397,0.7372305746208284,0.7140765543546244
chest,sracr_saliency,0.75,77,0.7499177394706854,0.0016684575102885,0.5714285714285714,0.4675324675324675,0.6883116883116883,0.5162764134780126,0.4028633923245178,0.6389398572884811,0.5295138888888888,0.5489561892562098,0.5015026581413172,0.5940862185309653,0.694053809913466,0.5935506862121147,0.809669910739626,0.8656681333101327
chest,unprotected,0.0,77,0.0,0.0,0.8051948051948052,0.7142857142857143,0.8831168831168831,0.8003457216940362,0.7010970464135021,0.8907801418439716,0.8017361111111111,0.7784612857095607,0.7164220070321259,0.8341858530054231,0.3573385773540234,0.2434302381081207,0.4939942088794995,0.4749123182993872
retinal,cam_priority,0.25,816,0.2502004651357183,0.0004132178045221,0.3688725490196078,0.3370098039215686,0.4019607843137255,0.3006373268542951,0.2710470477172811,0.3286829319432399,0.3650756087598192,0.3542191159117396,0.3274858901958971,0.3810633921080741,2.8654404261320825,2.66423109711146,3.063979330746719,0.257804603204042
retinal,cam_priority,0.5,816,0.4999126321948828,0.0004407656581569,0.1948529411764706,0.1666666666666666,0.221813725490196,0.1283657236098665,0.1065004723024521,0.148692604098997,0.1919298450877398,0.2005661872038465,0.1780880562679187,0.2223530394107855,3.9139701226289785,3.715277812152616,4.108166545074926,0.318054347842431
retinal,cam_priority,0.75,816,0.7500412214583262,0.0004566332218506,0.1286764705882352,0.1066176470588235,0.1519607843137254,0.0770456685721512,0.0596780263082323,0.0946006587113953,0.126339497392129,0.1328801402615418,0.1153757079286042,0.1504127500045804,4.289226981657382,4.12020613243209,4.463855506347678,0.3646748478019038
retinal,center_roi,0.25,816,0.2501861785268026,0.0004566332218506,0.392156862745098,0.3578431372549019,0.4252450980392157,0.3433429517394598,0.311484997112523,0.3744514289610097,0.388902220744326,0.3742152072050789,0.346766203211985,0.3995394488184424,2.568918700644501,2.394292650325501,2.747500528403325,0.2791147624077464
retinal,center_roi,0.5,816,0.4998875226402592,0.0004566332218506,0.1789215686274509,0.1531862745098039,0.2058823529411764,0.1349517536384367,0.1097944665155644,0.1575079399499491,0.1759648712280291,0.1864259090765338,0.1651570311285511,0.2074637758222574,3.67568075362137,3.513608089309779,3.834694773321135,0.3012846605647399
retinal,center_roi,0.75,816,0.7500057879917523,0.0004566332218506,0.1176470588235294,0.0955882352941176,0.1409313725490196,0.0567426942119825,0.0419619819727902,0.0716887656405236,0.1153002284581232,0.1230908395985655,0.1070740989795164,0.1385011131059498,4.003502668141199,3.8686917439907806,4.147820168927517,0.3857620974988567
retinal,content_variance,0.25,816,0.2502589054913658,0.0004566332218506,0.1911764705882352,0.1654411764705882,0.2181372549019608,0.116500792822521,0.098635828123953,0.1339226785982426,0.1884903084903084,0.185996003807939,0.1634034777492225,0.2097320919240327,5.797957471597879,5.527424971653214,6.066526377279626,0.1605364112096936
retinal,content_variance,0.5,816,0.4999029043810118,0.0004566332218506,0.1580882352941176,0.1348039215686274,0.1838235294117647,0.0816706288510819,0.066505577846376,0.0958037062462484,0.1565015733436786,0.151939573476196,0.1328479044469657,0.170988711190634,4.425950336245887,4.242101279153766,4.62774104761044,0.3437896589666786
retinal,content_variance,0.75,816,0.7500212979015944,0.0004566332218506,0.0894607843137254,0.0723039215686274,0.1102941176470588,0.0322756816456039,0.0249620530558149,0.0396307391556288,0.088904694167852,0.0987316514280043,0.0832628405579887,0.1142247202728847,4.598082413864336,4.445453162351961,4.762825339797107,0.3592022536234893
retinal,log_roi_inspired,0.25,816,0.2502273021298187,0.0004566332218506,0.1887254901960784,0.1629901960784313,0.2169117647058823,0.1269833890478288,0.1079141908617322,0.1451274620596994,0.1861666451140135,0.1902031129563066,0.1664266201755513,0.2152359500601918,6.079486112997157,5.800424161537692,6.373050340435423,0.135480611342069
retinal,log_roi_inspired,0.5,816,0.4999021441963028,0.0004566332218506,0.1482843137254902,0.125,0.1740196078431372,0.0797967521488245,0.064379733275848,0.0950773919732493,0.1463188068451226,0.1412730061990703,0.1221032359432112,0.1600276844394008,4.871446025861846,4.67648252420316,5.07941842831483,0.2961408930421343
retinal,log_roi_inspired,0.75,816,0.7500131870933916,0.0004566332218506,0.0857843137254902,0.0686274509803921,0.1041973039215684,0.0276675406290488,0.0221984233572118,0.0333283448215186,0.0852838484417431,0.0931763645051981,0.0787696390751125,0.1088816729896276,4.6955649310541165,4.542560335745287,4.8591853941018845,0.3384193990902188
retinal,random,0.25,816,0.2501008510379354,0.0004566332218506,0.1875,0.1605392156862745,0.2156862745098039,0.1045225072843024,0.0891388961264423,0.1207248060497313,0.1851742172794804,0.1740255959718734,0.1544977311341606,0.194260624270482,3.256050201363903,3.124274774197056,3.391309529004914,0.4823889615185948
retinal,random,0.5,816,0.4998949606370373,0.0004566332218506,0.1544117647058823,0.1299019607843137,0.1789522058823527,0.0847227206673496,0.0714332913161477,0.0980045101307512,0.1535053235053235,0.1364676696657536,0.1212898324056763,0.1513890708675715,3.322679494340665,3.1934198986737816,3.444974693919581,0.5755181390954703
retinal,random,0.75,816,0.7499839098800327,0.0004566332218506,0.1041666666666666,0.0845588235294117,0.125,0.0408788525221623,0.0290083052123293,0.0525475919108129,0.1041777662830294,0.1111865244141988,0.0960498168114559,0.1266405192850303,3.747641562719844,3.622115965599345,3.883292233888424,0.4859316686761785
retinal,sracr_saliency,0.25,816,0.2501898296619319,0.0004499442586399,0.3627450980392157,0.3308823529411764,0.3946078431372549,0.2974109333466804,0.2676865762962347,0.3259894167200228,0.3590085984822827,0.3540250000848183,0.3265690241138859,0.381204838160482,2.87043872825338,2.6705831605894605,3.0705826969513974,0.2556525948754428
retinal,sracr_saliency,0.5,816,0.4998836569333449,0.0004432552954292,0.2022058823529411,0.1740196078431372,0.230392156862745,0.1385570471875794,0.1157871309131247,0.1600347011753321,0.1992171563224194,0.2025339911316852,0.1798386495390273,0.2243321676606268,3.924416344779156,3.7272955479890313,4.121036120855506,0.3175605643428169
retinal,sracr_saliency,0.75,816,0.749998982978144,0.0004499442586398,0.1433823529411764,0.1200980392156862,0.167892156862745,0.0814947478461255,0.0642975025254476,0.0981686033272351,0.1408707271865166,0.141462998135618,0.1233912902649836,0.1591843421897714,4.16728512093771,3.999442462401694,4.337145547527953,0.3709275383832355
retinal,unprotected,0.0,816,0.0,0.0,0.8615196078431373,0.8370098039215687,0.8848039215686274,0.8608711103492648,0.8368154163389186,0.8817562560620614,0.8617785044100834,0.8333318548774353,0.8129483468618441,0.8521814214580088,0.3636037951274492,0.3032659912222692,0.4291485818289487,0.1096122346687542
split,cam_priority,0.25,632,0.249990697536787,0.0005092946269417,0.4651898734177215,0.425632911392405,0.5031645569620253,0.3505413585980721,0.3221576148124993,0.3802574058007538,0.4637595634272627,0.4666648536161717,0.4308898558458347,0.5002457462894002,3.891849078183635,3.4885287486426937,4.304734740270152,0.1700854724633219
split,cam_priority,0.5,632,0.5000109759200104,0.0005092946269417,0.3338607594936709,0.2974683544303797,0.3718354430379746,0.2190752938798537,0.1934910740435658,0.2454699731469133,0.3276885171228622,0.33660185209785,0.3022548841343732,0.3697327777357439,6.446265920825109,5.926943313156533,6.96283430142234,0.1018616294989869
split,cam_priority,0.75,632,0.7500126817101321,0.0005092946269416,0.2041139240506329,0.170886075949367,0.2373417721518987,0.1053297755883962,0.0889816202508854,0.1219265218014887,0.1978498074454428,0.2165747107451319,0.1880598048634791,0.2467748552153823,7.078798938152628,6.566713557457161,7.5854643271726845,0.1435565420716704
split,center_roi,0.25,632,0.2499891681981829,0.0005092946269417,0.7800632911392406,0.7468354430379747,0.8117088607594937,0.7683477215875175,0.7342637020319878,0.799676069355703,0.77895705369794,0.7539310187581532,0.7274320655430984,0.777499253519152,0.6017840364767788,0.5131769849866428,0.7044293955735963,0.2110562264508764
split,center_roi,0.5,632,0.5000116170594325,0.0005092946269416,0.4430379746835443,0.4034810126582278,0.4810126582278481,0.3055897080130559,0.2857485003573564,0.3247839765630198,0.4424424924427512,0.4358579821069085,0.3990479851359549,0.4703874573388277,4.14062770708752,3.768760481275157,4.4882547700511415,0.1438545643585816
split,center_roi,0.75,632,0.7500138081257719,0.0005092946269416,0.2610759493670886,0.2246835443037974,0.2974683544303797,0.1067404817404817,0.0945945945945945,0.1197196990171937,0.2516447368421052,0.2704900262293291,0.2358239514562101,0.3030950518307994,10.605367097414952,9.821663269748496,11.40464981186862,0.0473338337623131
split,content_variance,0.25,632,0.2499883623522542,0.0004572473708276,0.3955696202531645,0.3575949367088608,0.4335838607594934,0.3217304537136366,0.2861408968327937,0.355115010331814,0.3905241935483871,0.3934920000021848,0.3560212715584817,0.4286998541136581,8.639105208339142,7.897201852864548,9.383971646323047,0.0621273235529992
split,content_variance,0.5,632,0.5000116170594325,0.0005092946269417,0.3212025316455696,0.2832278481012658,0.3591772151898734,0.2075678306414501,0.1809483790532671,0.2334296626256877,0.3140810696095076,0.3253830897105498,0.2899640679816683,0.3586000842663225,8.961054547446485,8.27694089536652,9.657285257296436,0.0571576844634515
split,content_variance,0.75,632,0.750010831801817,0.0004572473708276,0.3275316455696203,0.2911392405063291,0.365506329113924,0.211869031377899,0.1856974504362583,0.2353979643617841,0.3207236842105263,0.3274451669969304,0.2924712566936197,0.3606094883942357,8.041119708762828,7.387101831613141,8.724275629143767,0.0978071209964341
split,log_roi_inspired,0.25,632,0.2499891681981829,0.0005092946269417,0.4335443037974683,0.3939873417721519,0.4731012658227848,0.3573554286823818,0.3253063007321612,0.3921391906520327,0.4299660441426146,0.4337453567771027,0.3966537031856876,0.4703257937282611,6.816562820766094,6.170733671572568,7.455971981534186,0.077333889280397
split,log_roi_inspired,0.5,632,0.5000116170594325,0.0005092946269417,0.3259493670886076,0.2879746835443038,0.3639240506329114,0.2086590423526454,0.1838396807458299,0.2334670031250793,0.3190789473684211,0.3293453646710649,0.2926328267051581,0.3641146581538798,8.97976032287694,8.263874242352896,9.722656271895955,0.062849308167833
split,log_roi_inspired,0.75,632,0.7500118758642035,0.0004572473708276,0.3259493670886076,0.2879746835443038,0.3639240506329114,0.2114392266803063,0.1856054762400552,0.2359085691442229,0.3190789473684211,0.3197390992688034,0.2845000026179972,0.3530738557129432,8.460206149625513,7.786748312099021,9.118250312371956,0.0883899657261091
split,random,0.25,632,0.2499971266176119,0.0005092946269416,0.4794303797468354,0.4414556962025316,0.5189873417721519,0.4112164893178737,0.3797327899946986,0.4425649996258771,0.4773132427843803,0.4723507846670286,0.4344528042920456,0.5078255213134839,5.888313826978879,5.274671953385417,6.4836752376110125,0.1045862956234214
split,random,0.5,632,0.5000104906437928,0.0005092946269417,0.3259493670886076,0.2879746835443038,0.3639240506329114,0.2078149215458059,0.1837401598631558,0.2318862549943598,0.3190789473684211,0.3330517710054148,0.298598579520251,0.36619060549455,8.466576627808243,7.798210413965283,9.166900775629202,0.0738358073723426
split,random,0.75,632,0.7500150904046159,0.0004572473708276,0.3069620253164557,0.2705696202531645,0.3449367088607595,0.1846256684491978,0.1607826453465398,0.2083354166666666,0.2993421052631579,0.3139937479098347,0.2793201993553085,0.3475223012335549,9.430897929233693,8.680913212837126,10.214335240417457,0.0748106390414478
split,sracr_saliency,0.25,632,0.2499854683815527,0.0004456327985739,0.4588607594936709,0.4208860759493671,0.4968354430379746,0.3441830349178523,0.3151908388396022,0.3718370008388043,0.457272557869891,0.4567870831592301,0.4205464138929367,0.4902919698295087,4.0215796527077,3.600157236977413,4.441330023575394,0.1740039670833257
split,sracr_saliency,0.5,632,0.499999235330698,0.0003819709702062,0.3370253164556962,0.2990506329113924,0.375,0.2232321527832923,0.1970001644218625,0.2502904678757456,0.3308258105925711,0.336924695145038,0.3024578906583163,0.3694691779763135,6.346471157153859,5.843765677600775,6.853206307552653,0.1057277686143133
split,sracr_saliency,0.75,632,0.7500031939520991,0.0003429355281207,0.2136075949367088,0.1787974683544304,0.2468354430379747,0.1092286139567463,0.0932051773005359,0.125769200855216,0.2069961489088575,0.2231443197332561,0.1944197175078882,0.2524888098743165,6.938052801411514,6.428800756551873,7.437767922050313,0.1388145865415005
split,unprotected,0.0,632,0.0,0.0,0.9208860759493672,0.8987341772151899,0.9414556962025316,0.919491706543401,0.8986032781433793,0.939603897305472,0.9194254262936444,0.8947431345833035,0.8755583316199429,0.9122017571502914,0.2287077210412465,0.1748455770245224,0.2904442749368862,0.1106994675263928
