dataset,method,nominal_budget,n_images,protected_pixel_fraction_mean,max_abs_budget_match_error,attacker_accuracy,attacker_accuracy_ci95_low,attacker_accuracy_ci95_high,attacker_macro_f1,attacker_macro_f1_ci95_low,attacker_macro_f1_ci95_high,attacker_balanced_accuracy,attacker_true_probability_mean,attacker_true_probability_ci95_low,attacker_true_probability_ci95_high,attacker_nll_mean,attacker_nll_ci95_low,attacker_nll_ci95_high,attacker_entropy_mean,accuracy_drop_from_unprotected_pp,macro_f1_drop_from_unprotected_pp
chest,center_roi,0.25,77,0.2501779476508077,0.0013046968236238,0.8051948051948052,0.7142857142857143,0.8961038961038961,0.8003457216940362,0.7010818813727315,0.8908107785503265,0.8017361111111111,0.7862977467767605,0.7256813759782484,0.8399981858958672,0.3285127442759158,0.2247006706020863,0.4488863457877142,0.4859701615840253,0.0,0.0
chest,center_roi,0.5,77,0.4999835573105676,0.0016852333971807,0.8831168831168831,0.8051948051948052,0.948051948051948,0.8791208791208791,0.7963112262539154,0.9460159293673056,0.8774305555555555,0.7404354548492988,0.6928532496022133,0.7828431177666628,0.3508181374809748,0.2751084668544061,0.435790751616089,0.6691034041289213,-7.792207792207783,-7.877515742684293
chest,center_roi,0.75,77,0.7500393928827018,0.0016852333971807,0.8441558441558441,0.7532467532467533,0.922077922077922,0.8395833333333333,0.7530534866181537,0.9158163265306124,0.8395833333333333,0.6063419797203757,0.5785592649180393,0.6312354085023527,0.5202088597153762,0.4761751153102974,0.569023814293946,0.9264466485691112,-3.8961038961038863,-3.9237611639297176
chest,content_variance,0.25,77,0.2500789107778681,0.0015765086618788,0.7662337662337663,0.6753246753246753,0.8571428571428571,0.7433333333333334,0.6335272342675833,0.8444444444444444,0.7368055555555555,0.7569942185050481,0.68736235805388,0.818997907057985,0.4244389523336234,0.2918567189800594,0.5791700415511916,0.440715697525044,3.8961038961038974,5.701238836070277
chest,content_variance,0.5,77,0.5000007938173504,0.0016308710295298,0.6623376623376623,0.5454545454545454,0.7662337662337663,0.5458257713248639,0.4338235294117646,0.6703363914373088,0.59375,0.7061634510755539,0.639341525496407,0.7742653653412668,0.4849317907365959,0.3562318603316002,0.62043741843153,0.5129296287015589,14.28571428571429,25.45199503691723
chest,content_variance,0.75,77,0.7499976232101075,0.0016852333971808,0.5844155844155844,0.4675324675324675,0.7012987012987013,0.3688524590163934,0.3185840707964602,0.4122137404580153,0.5,0.6221290248167979,0.5497132749792624,0.6959105694739075,0.7000899076053133,0.532070886506714,0.8692403533590861,0.5650182630598691,22.07792207792209,43.14932626776427
chest,full_mask,1.0,77,1.0,0.0,0.4155844155844156,0.2987012987012987,0.5324675324675324,0.2935779816513761,0.2299999999999999,0.3474576271186441,0.5,0.4893758738195741,0.4762999895331147,0.5024517581060335,0.7224918796875944,0.6929143112574274,0.7487830516255206,0.9885438084172364,38.961038961038966,50.676774004266
chest,random,0.25,77,0.2501760144337097,0.0016351180895025,0.922077922077922,0.8571428571428571,0.974025974025974,0.9190042075736324,0.8518924070156885,0.9738095238095238,0.915277777777778,0.8220686960917014,0.776026512706628,0.8622121653773568,0.2405377494385372,0.1718824974264612,0.3179052682847488,0.490683932025348,-11.688311688311682,-11.865848587959638
chest,random,0.5,77,0.5000567200049694,0.001735348704859,0.8831168831168831,0.8051948051948052,0.948051948051948,0.8727272727272727,0.790278650743767,0.944683908045977,0.859375,0.7743045490283471,0.7292570560057829,0.8175611881853698,0.2984586740239198,0.2316702833731291,0.374211582416235,0.6065474570376416,-7.792207792207783,-7.238155103323651
chest,random,0.75,77,0.7500026153582342,0.0017395957648318,0.961038961038961,0.9090909090909092,1.0,0.9597069597069596,0.9075313089723794,1.0,0.9576388888888888,0.7238051268187436,0.6941260926328696,0.7526567879145021,0.340799794541181,0.2963125348111676,0.3825406256902913,0.7867278983373469,-15.58441558441558,-15.936123801292348
chest,sracr_saliency,0.25,77,0.2501387643858125,0.0014259503858454,0.7532467532467533,0.6623376623376623,0.8441558441558441,0.7353951890034365,0.6258503401360545,0.8316326530612244,0.7302083333333333,0.6798326972049552,0.6125398179818573,0.7432673401162995,0.5596570363564279,0.4074779262668917,0.7325728752738921,0.6062333131018066,5.1948051948051965,6.495053269059969
chest,sracr_saliency,0.5,77,0.5000354224329806,0.0016559286833689,0.6883116883116883,0.5844155844155844,0.7922077922077922,0.6791666666666667,0.5702688990360223,0.7778908346027293,0.6791666666666667,0.6283078907759159,0.5697783645194072,0.6846187394596152,0.5994726321666958,0.4730814516836095,0.7372305565423555,0.7140765595196877,11.688311688311693,12.117905502736948
chest,sracr_saliency,0.75,77,0.7499177394706854,0.0016684575102885,0.5714285714285714,0.4675324675324675,0.6883116883116883,0.5162764134780126,0.4028633923245178,0.6389398572884811,0.5295138888888888,0.5489561917719903,0.5015026626358559,0.5940862236665441,0.6940538001251544,0.5935506837756355,0.8096698970662409,0.8656681321933624,23.376623376623385,28.40693082160236
chest,unprotected,0.0,77,0.0,0.0,0.8051948051948052,0.7142857142857143,0.8831168831168831,0.8003457216940362,0.7010970464135021,0.8907801418439716,0.8017361111111111,0.7784612894832313,0.7164220066184734,0.8341858622896207,0.3573385664034122,0.243430226091475,0.4939942000328697,0.4749123157168555,0.0,0.0
retinal,center_roi,0.25,816,0.2501861785268026,0.0004566332218506,0.392156862745098,0.3578431372549019,0.4252450980392157,0.3433429517394598,0.311484997112523,0.3744514289610097,0.388902220744326,0.3742152072050789,0.346766203211985,0.3995394488184424,2.568918700644501,2.394292650325501,2.747500528403325,0.2791147624077464,46.93627450980393,51.7528158609805
retinal,center_roi,0.5,816,0.4998875226402592,0.0004566332218506,0.1789215686274509,0.1531862745098039,0.2058823529411764,0.1349517536384367,0.1097944665155644,0.1575079399499491,0.1759648712280291,0.1864259090765338,0.1651570311285511,0.2074637758222574,3.67568075362137,3.513608089309779,3.834694773321135,0.3012846605647399,68.25980392156863,72.59193567108281
retinal,center_roi,0.75,816,0.7500057879917523,0.0004566332218506,0.1176470588235294,0.0955882352941176,0.1409313725490196,0.0567426942119825,0.0419619819727902,0.0716887656405236,0.1153002284581232,0.1230908383169626,0.1070740956096112,0.1385011089682857,4.0035026366181725,3.868691716155853,4.147820119452457,0.3857621019996308,74.38725490196079,80.41284161372822
retinal,content_variance,0.25,816,0.2502589054913658,0.0004566332218506,0.1911764705882352,0.1654411764705882,0.2181372549019608,0.116500792822521,0.098635828123953,0.1339226785982426,0.1884903084903084,0.185996003807939,0.1634034777492225,0.2097320919240327,5.797957471597879,5.527424971653214,6.066526377279626,0.1605364112096936,67.03431372549021,74.43703175267437
retinal,content_variance,0.5,816,0.4999029043810118,0.0004566332218506,0.1580882352941176,0.1348039215686274,0.1838235294117647,0.0816706288510819,0.066505577846376,0.0958037062462484,0.1565015733436786,0.1519395760117295,0.1328479066484741,0.1709887145237674,4.425950344739678,4.242101277170047,4.627741080131971,0.343789653147705,70.34313725490196,77.92004814981827
retinal,content_variance,0.75,816,0.7500212979015944,0.0004566332218506,0.0894607843137254,0.0723039215686274,0.1102941176470588,0.0322756816456039,0.0249620530558149,0.0396307391556288,0.088904694167852,0.0987316533488615,0.0832628413164918,0.1142247213580822,4.598082391888299,4.445453144509683,4.762825304350144,0.3592022547106053,77.20588235294117,82.85954287036608
retinal,full_mask,1.0,816,1.0,0.0,0.0919117647058823,0.0723039215686274,0.1115196078431372,0.0153045607591062,0.0122597402597402,0.0184221065278334,0.0909090909090909,0.0913589015858722,0.0869915107655448,0.0956740415314961,2.656717622475607,2.606461277790569,2.7070055373707334,0.8990990246792123,76.9607843137255,84.55665495901586
retinal,random,0.25,816,0.2501008510379354,0.0004566332218506,0.1875,0.1605392156862745,0.2156862745098039,0.1045225072843024,0.0891388961264423,0.1207248060497313,0.1851742172794804,0.1740255959718734,0.1544977311341606,0.194260624270482,3.256050201363903,3.124274774197056,3.391309529004914,0.4823889615185948,67.40196078431373,75.63486030649624
retinal,random,0.5,816,0.4998949606370373,0.0004566332218506,0.1544117647058823,0.1299019607843137,0.1789522058823527,0.0847227206673496,0.0714332913161477,0.0980045101307512,0.1535053235053235,0.1364676696657536,0.1212898324056763,0.1513890708675715,3.322679494340665,3.1934198986737816,3.444974693919581,0.5755181390954703,70.7107843137255,77.6148389681915
retinal,random,0.75,816,0.7499839098800327,0.0004566332218506,0.1041666666666666,0.0845588235294117,0.125,0.0408788525221623,0.0290083052123293,0.0525475919108129,0.1041777662830294,0.1111865254593777,0.0960498186754311,0.1266405232060944,3.74764156730673,3.622115964377508,3.88329223289694,0.4859316649559955,75.73529411764707,81.99922578271024
retinal,sracr_saliency,0.25,816,0.2501898296619319,0.0004499442586399,0.3627450980392157,0.3308823529411764,0.3946078431372549,0.2974109333466804,0.2676865762962347,0.3259894167200228,0.3590085984822827,0.3540250000848183,0.3265690241138859,0.381204838160482,2.87043872825338,2.6705831605894605,3.0705826969513974,0.2556525948754428,49.87745098039216,56.34601770025844
retinal,sracr_saliency,0.5,816,0.4998836569333449,0.0004432552954292,0.2022058823529411,0.1740196078431372,0.230392156862745,0.1385570471875794,0.1157871309131247,0.1600347011753321,0.1992171563224194,0.2025339911316852,0.1798386495390273,0.2243321676606268,3.924416344779156,3.7272955479890313,4.121036120855506,0.3175605643428169,65.93137254901961,72.23140631616853
retinal,sracr_saliency,0.75,816,0.749998982978144,0.0004499442586398,0.1433823529411764,0.1200980392156862,0.167892156862745,0.0814947478461255,0.0642975025254476,0.0981686033272351,0.1408707271865166,0.141462998135618,0.1233912902649836,0.1591843421897714,4.16728512093771,3.999442462401694,4.337145547527953,0.3709275383832355,71.81372549019609,77.93763625031393
retinal,unprotected,0.0,816,0.0,0.0,0.8615196078431373,0.8370098039215687,0.8848039215686274,0.8608711103492648,0.8368154163389186,0.8817562560620614,0.8617785044100834,0.8333318548774353,0.8129483468618441,0.8521814214580088,0.3636037951274492,0.3032659912222692,0.4291485818289487,0.1096122346687542,0.0,0.0
split,center_roi,0.25,632,0.2499891681981829,0.0005092946269417,0.7800632911392406,0.7468354430379747,0.8117088607594937,0.7683477215875175,0.7342637020319878,0.799676069355703,0.77895705369794,0.7539310183074582,0.7274320649726391,0.7774992531430736,0.6017840377650963,0.5131769901258723,0.7044293972616651,0.2110562252533886,14.082278481012656,15.114398495588343
split,center_roi,0.5,632,0.5000116170594325,0.0005092946269416,0.4430379746835443,0.4034810126582278,0.4810126582278481,0.3055897080130559,0.2857485003573564,0.3247839765630198,0.4424424924427512,0.4358579824728684,0.3990479863295496,0.4703874581354138,4.140627696733838,3.768760465026819,4.4882547508739,0.1438545645530677,47.784810126582286,61.3901998530345
split,center_roi,0.75,632,0.7500138081257719,0.0005092946269416,0.2610759493670886,0.2246835443037974,0.2974683544303797,0.1067404817404817,0.0945945945945945,0.1197196990171937,0.2516447368421052,0.2704900261358284,0.2358239510438522,0.3030950516941372,10.605367090926624,9.821663257275132,11.404649790851469,0.0473338347219628,65.98101265822784,81.27512248029191
split,content_variance,0.25,632,0.2499883623522542,0.0004572473708276,0.3955696202531645,0.3575949367088608,0.4335838607594934,0.3217304537136366,0.2861408968327937,0.355115010331814,0.3905241935483871,0.3934919998228452,0.3560212711756976,0.4286998543411588,8.639105196079765,7.897201846001791,9.383971648644206,0.0621273235902491,52.53164556962025,59.77612528297643
split,content_variance,0.5,632,0.5000116170594325,0.0005092946269417,0.3212025316455696,0.2832278481012658,0.3591772151898734,0.2075678306414501,0.1809483790532671,0.2334296626256877,0.3140810696095076,0.3253830892603784,0.289964067515909,0.3586000842085292,8.961054561258786,8.276940897618095,9.657285248780449,0.0571576849704301,59.96835443037976,71.19238759019508
split,content_variance,0.75,632,0.750010831801817,0.0004572473708276,0.3275316455696203,0.2911392405063291,0.365506329113924,0.211869031377899,0.1856974504362583,0.2353979643617841,0.3207236842105263,0.3274451669045876,0.2924712563621933,0.360609488036877,8.04111970626005,7.387101834573208,8.724275595463656,0.0978071219736391,59.33544303797469,70.7622675165502
split,full_mask,1.0,632,1.0,0.0,0.240506329113924,0.2056962025316455,0.2721914556962023,0.096938775510204,0.0853018372703412,0.1069651741293532,0.25,0.241265796846268,0.2125740603530924,0.2719554466311451,2.9874993996364343,2.8447234981201093,3.1216109384816173,0.2652687064218844,68.0379746835443,82.25529310331969
split,random,0.25,632,0.2499971266176119,0.0005092946269416,0.4794303797468354,0.4414556962025316,0.5189873417721519,0.4112164893178737,0.3797327899946986,0.4425649996258771,0.4773132427843803,0.4723507859468688,0.4344528052668258,0.5078255224895585,5.888313839559268,5.274671964300351,6.483675267846885,0.1045862962535711,44.14556962025317,50.82752172255272
split,random,0.5,632,0.5000104906437928,0.0005092946269417,0.3259493670886076,0.2879746835443038,0.3639240506329114,0.2078149215458059,0.1837401598631558,0.2318862549943598,0.3190789473684211,0.3330517709266541,0.2985985796299636,0.3661906060469321,8.466576593612755,7.798210400040323,9.166900735068484,0.0738358073696871,59.493670886075954,71.1676784997595
split,random,0.75,632,0.7500150904046159,0.0004572473708276,0.3069620253164557,0.2705696202531645,0.3449367088607595,0.1846256684491978,0.1607826453465398,0.2083354166666666,0.2993421052631579,0.3139937474780666,0.2793201986592152,0.347522300593662,9.43089792643955,8.680913201612983,10.214335219976448,0.0748106386540953,61.392405063291136,73.48660380942032
split,sracr_saliency,0.25,632,0.2499854683815527,0.0004456327985739,0.4588607594936709,0.4208860759493671,0.4968354430379746,0.3441830349178523,0.3151908388396022,0.3718370008388043,0.457272557869891,0.4567870836725262,0.4205464143036607,0.4902919706851053,4.021579646746157,3.600157217220059,4.441330020950633,0.1740039668487283,46.20253164556962,57.53086716255487
split,sracr_saliency,0.5,632,0.499999235330698,0.0003819709702062,0.3370253164556962,0.2990506329113924,0.375,0.2232321527832923,0.1970001644218625,0.2502904678757456,0.3308258105925711,0.3369246948796398,0.3024578904592855,0.3694691775813686,6.346471147418335,5.843765679491343,6.853206291974096,0.1057277672009855,58.38607594936709,69.62595537601086
split,sracr_saliency,0.75,632,0.7500031939520991,0.0003429355281207,0.2136075949367088,0.1787974683544304,0.2468354430379747,0.1092286139567463,0.0932051773005359,0.125769200855216,0.2069961489088575,0.2231443207885686,0.1944197184046288,0.2524888108341463,6.938052818298587,6.428800749834206,7.437767939361986,0.1388145856226857,70.72784810126582,81.02630925866546
split,unprotected,0.0,632,0.0,0.0,0.9208860759493672,0.8987341772151899,0.9414556962025316,0.919491706543401,0.8986032781433793,0.939603897305472,0.9194254262936444,0.8947431343335263,0.87555833138201,0.9122017569862784,0.2287077207238803,0.1748455772282263,0.2904442744250693,0.1106994679669642,0.0,0.0
