method,nominal_budget,n_images,protected_pixel_fraction_mean,max_abs_budget_match_error,attacker_accuracy,attacker_accuracy_ci95_low,attacker_accuracy_ci95_high,attacker_macro_f1,attacker_macro_f1_ci95_low,attacker_macro_f1_ci95_high,attacker_balanced_accuracy,attacker_true_probability_mean,attacker_true_probability_ci95_low,attacker_true_probability_ci95_high,attacker_nll_mean,attacker_nll_ci95_low,attacker_nll_ci95_high,attacker_entropy_mean,accuracy_drop_from_unprotected_pp,macro_f1_drop_from_unprotected_pp
center_roi,0.25,508.3333333333333,0.25011776479193104,0.0007568748908053667,0.6591383196930479,0.606321431526197,0.7110192849675352,0.6373454650070045,0.5822768601724141,0.6883127589556798,0.656531795184459,0.6381479907630992,0.5999598813876242,0.6723456292857944,1.166405160895171,1.0440567703511532,1.3002720904842349,0.32538038308172007,20.33951766360553,22.289071452189614
center_roi,0.5,508.3333333333333,0.4999608990034197,0.0008837204153243,0.501692142142626,0.45395403078761226,0.5449823197403242,0.4398874469241239,0.3972847310422787,0.47610261529342485,0.49861263974211195,0.45423978213290034,0.41901942235343803,0.48689811724144466,2.7223755292787275,2.5191590070636685,2.9195800919370414,0.37141420974890965,36.08413541864771,42.034873260477674
center_roi,0.75,508.3333333333333,0.7500196630000753,0.0008837204153243,0.40762628411548735,0.3578395109482228,0.4534925496857738,0.33435550309526585,0.2965366877285128,0.3690749303961099,0.40217609954452055,0.3333076147243889,0.30715243719050095,0.3576105230549252,5.043026195753391,4.722176696247094,5.373831241532624,0.45318086176356825,45.49072122136158,52.58806764336347
content_variance,0.25,508.3333333333333,0.2501087262071627,0.000830129751519,0.450993285691722,0.39945359616804144,0.5029546576014371,0.393854859956497,0.33943465307477666,0.44449404445816704,0.4386066858647503,0.44549407404527747,0.4022623689929334,0.48580995110772546,4.953833873337089,4.572161178878354,5.343222689158341,0.22112647744166225,41.15402106373812,46.638131957240354
content_variance,0.5,508.3333333333333,0.4999717717525982,0.0008655996261073667,0.38054280975911653,0.3211621050414795,0.4364115036118014,0.27835474360579865,0.22709249543713592,0.3331899201030816,0.354777547651062,0.39449537211588726,0.35405116655359664,0.4346180546911878,4.623978898911687,4.29175801170658,4.968487915781316,0.3046256556065647,48.19906865699867,58.18814359231019
content_variance,0.75,508.3333333333333,0.7500099176378398,0.000866371329953,0.3338026714329767,0.276991876535808,0.3923663826865614,0.20433239067996545,0.17641452476284444,0.22908081465847605,0.30320945945945943,0.3494352816900823,0.3084824575526492,0.39024825962295556,4.446430668584554,4.121541955196535,4.785447084390962,0.3406758799147045,52.87308248961265,65.59037888489352
full_mask,1.0,508.3333333333333,1.0,0.0,0.24933416980140732,0.1922338076005239,0.305392865335624,0.13527377264022877,0.1091871925100271,0.1576149692586102,0.2803030303030303,0.2740001907505714,0.258621853550584,0.29002708208955824,2.1222363005998788,2.0480330290560356,2.1924665091592903,0.7176371798394444,61.31993265276959,72.49624068886719
random,0.25,508.3333333333333,0.250091330696419,0.0008670153127649,0.5296694339415858,0.48637925634388773,0.5695665301026432,0.47824773472526955,0.4402546977122765,0.5123664431617106,0.5259217459472129,0.4894816926701479,0.45499234970253816,0.5214327707124657,3.128300596787236,2.8569430786412897,3.397630021712182,0.3592197299325046,33.28640623875174,38.19884448036311
random,0.5,508.3333333333333,0.4999873904285998,0.0009004255178837666,0.4544926716371243,0.40769048317447426,0.4969760681890707,0.38842163831347604,0.34848403397435684,0.4248582243903627,0.44398642362458157,0.4146079965402516,0.3830484893471409,0.44504695503329117,4.029238253992447,3.741100194029078,4.3286956704681,0.4186338011675997,40.80408246919789,47.18145412154246
random,0.75,508.3333333333333,0.7500005385476275,0.00088449211917,0.45738921767402774,0.4214064509578284,0.48997890295358654,0.39507049355943996,0.3657740865104162,0.4202943361924932,0.45371958681169205,0.38299513325206264,0.35649870332250533,0.4089398705714195,4.506446429429154,4.199780566933886,4.82672269285456,0.4491567339824792,40.51442786550754,46.516568596946065
sracr_saliency,0.25,508.3333333333333,0.2501046874764324,0.0007738424810197333,0.52495087025988,0.4713686970760686,0.5785330434436912,0.4589963857559897,0.40290925175729714,0.5098196902066838,0.5154964965618357,0.49688159365409995,0.45321841879980135,0.5382547163206289,2.4838918037853213,2.2260727680254706,2.7481618643919745,0.3452966249419926,33.75826260692233,40.12397937729109
sracr_saliency,0.5,508.3333333333333,0.49997277156567455,0.0008270516496680999,0.4091809623734419,0.3524952750567047,0.4658666496901791,0.3469852888791795,0.2943520647903365,0.39607200121793573,0.40306987786055243,0.389255525595747,0.35069163483924,0.42614002823387015,3.623453374788062,3.3480475597213277,3.903824323123986,0.3791216303544967,45.335253395566134,51.32508906497211
sracr_saliency,0.75,508.3333333333333,0.7499733054669763,0.000820445765683,0.30947283976881884,0.2554759917008614,0.36767976273746933,0.23566659176029478,0.18678869071683377,0.2876258871569774,0.2924602549947543,0.304521170232059,0.27310455710182274,0.33525312556348724,3.93313057978715,3.673931298670512,4.194861127985393,0.4584700853997612,55.30606565602843,62.45695877686058
unprotected,0.0,508.3333333333333,0.0,0.0,0.8625334963291033,0.8166765651408242,0.903125500296014,0.8602361795289006,0.8121719136319333,0.9040467650705016,0.8609800139382796,0.8355120928980643,0.8016428949541092,0.8661896802446359,0.3165500274182473,0.24051393151399017,0.4045290187622959,0.23174133945085795,0.0,0.0
