dataset,sequence_seed,threat,n_decisions,n_exact_matches,exact_match_rate,threshold_1,threshold_2,threshold_3,hysteresis,critical_threat_force_level4
chest,1742,0.1,77,77,1.0,0.3,0.5,0.7,0.05,0.9
chest,2751,0.1,77,77,1.0,0.3,0.5,0.7,0.05,0.9
chest,3760,0.1,77,77,1.0,0.3,0.5,0.7,0.05,0.9
chest,4769,0.1,77,77,1.0,0.3,0.5,0.7,0.05,0.9
chest,5778,0.1,77,77,1.0,0.3,0.5,0.7,0.05,0.9
chest,6842,0.4,77,77,1.0,0.3,0.5,0.7,0.05,0.9
chest,7851,0.4,77,77,1.0,0.3,0.5,0.7,0.05,0.9
chest,8860,0.4,77,77,1.0,0.3,0.5,0.7,0.05,0.9
chest,9869,0.4,77,77,1.0,0.3,0.5,0.7,0.05,0.9
chest,10878,0.4,77,77,1.0,0.3,0.5,0.7,0.05,0.9
chest,11942,0.7,77,77,1.0,0.3,0.5,0.7,0.05,0.9
chest,12951,0.7,77,77,1.0,0.3,0.5,0.7,0.05,0.9
chest,13960,0.7,77,77,1.0,0.3,0.5,0.7,0.05,0.9
chest,14969,0.7,77,77,1.0,0.3,0.5,0.7,0.05,0.9
chest,15978,0.7,77,77,1.0,0.3,0.5,0.7,0.05,0.9
chest,16192,0.95,77,77,1.0,0.3,0.5,0.7,0.05,0.9
chest,17201,0.95,77,77,1.0,0.3,0.5,0.7,0.05,0.9
chest,18210,0.95,77,77,1.0,0.3,0.5,0.7,0.05,0.9
chest,19219,0.95,77,77,1.0,0.3,0.5,0.7,0.05,0.9
chest,20228,0.95,77,77,1.0,0.3,0.5,0.7,0.05,0.9
retinal,1742,0.1,816,816,1.0,0.3,0.5,0.7,0.05,0.9
retinal,2751,0.1,816,816,1.0,0.3,0.5,0.7,0.05,0.9
retinal,3760,0.1,816,816,1.0,0.3,0.5,0.7,0.05,0.9
retinal,4769,0.1,816,816,1.0,0.3,0.5,0.7,0.05,0.9
retinal,5778,0.1,816,816,1.0,0.3,0.5,0.7,0.05,0.9
retinal,6842,0.4,816,816,1.0,0.3,0.5,0.7,0.05,0.9
retinal,7851,0.4,816,816,1.0,0.3,0.5,0.7,0.05,0.9
retinal,8860,0.4,816,816,1.0,0.3,0.5,0.7,0.05,0.9
retinal,9869,0.4,816,816,1.0,0.3,0.5,0.7,0.05,0.9
retinal,10878,0.4,816,816,1.0,0.3,0.5,0.7,0.05,0.9
retinal,11942,0.7,816,816,1.0,0.3,0.5,0.7,0.05,0.9
retinal,12951,0.7,816,816,1.0,0.3,0.5,0.7,0.05,0.9
retinal,13960,0.7,816,816,1.0,0.3,0.5,0.7,0.05,0.9
retinal,14969,0.7,816,816,1.0,0.3,0.5,0.7,0.05,0.9
retinal,15978,0.7,816,816,1.0,0.3,0.5,0.7,0.05,0.9
retinal,16192,0.95,816,816,1.0,0.3,0.5,0.7,0.05,0.9
retinal,17201,0.95,816,816,1.0,0.3,0.5,0.7,0.05,0.9
retinal,18210,0.95,816,816,1.0,0.3,0.5,0.7,0.05,0.9
retinal,19219,0.95,816,816,1.0,0.3,0.5,0.7,0.05,0.9
retinal,20228,0.95,816,816,1.0,0.3,0.5,0.7,0.05,0.9
split,1742,0.1,632,632,1.0,0.3,0.5,0.7,0.05,0.9
split,2751,0.1,632,632,1.0,0.3,0.5,0.7,0.05,0.9
split,3760,0.1,632,632,1.0,0.3,0.5,0.7,0.05,0.9
split,4769,0.1,632,632,1.0,0.3,0.5,0.7,0.05,0.9
split,5778,0.1,632,632,1.0,0.3,0.5,0.7,0.05,0.9
split,6842,0.4,632,632,1.0,0.3,0.5,0.7,0.05,0.9
split,7851,0.4,632,632,1.0,0.3,0.5,0.7,0.05,0.9
split,8860,0.4,632,632,1.0,0.3,0.5,0.7,0.05,0.9
split,9869,0.4,632,632,1.0,0.3,0.5,0.7,0.05,0.9
split,10878,0.4,632,632,1.0,0.3,0.5,0.7,0.05,0.9
split,11942,0.7,632,632,1.0,0.3,0.5,0.7,0.05,0.9
split,12951,0.7,632,632,1.0,0.3,0.5,0.7,0.05,0.9
split,13960,0.7,632,632,1.0,0.3,0.5,0.7,0.05,0.9
split,14969,0.7,632,632,1.0,0.3,0.5,0.7,0.05,0.9
split,15978,0.7,632,632,1.0,0.3,0.5,0.7,0.05,0.9
split,16192,0.95,632,632,1.0,0.3,0.5,0.7,0.05,0.9
split,17201,0.95,632,632,1.0,0.3,0.5,0.7,0.05,0.9
split,18210,0.95,632,632,1.0,0.3,0.5,0.7,0.05,0.9
split,19219,0.95,632,632,1.0,0.3,0.5,0.7,0.05,0.9
split,20228,0.95,632,632,1.0,0.3,0.5,0.7,0.05,0.9
