family,scenario,dataset,monotonic_non_decreasing,delta_T0_10_to_T0_95_pp
clinical,C_dataset_mean,chest,True,49.98515769944342
clinical,C_dataset_mean,retinal,True,49.95205230956975
clinical,C_dataset_mean,split,True,49.99778452425875
clinical,C_minus10,chest,True,51.73597903430549
clinical,C_minus10,retinal,True,49.9949444664325
clinical,C_minus10,split,True,51.73829085337267
clinical,C_nominal,chest,True,50.24445697402283
clinical,C_nominal,retinal,True,49.38839896766108
clinical,C_nominal,split,True,49.97405034704355
clinical,C_plus10,chest,True,49.98515769944342
clinical,C_plus10,retinal,True,48.420400855884836
clinical,C_plus10,split,True,49.5547465495752
clinical,C_shrink50,chest,True,49.98515769944342
clinical,C_shrink50,retinal,True,49.9888170154521
clinical,C_shrink50,split,True,49.958227562233425
hysteresis,H_0.000,chest,True,57.765238399727856
hysteresis,H_0.000,retinal,True,50.36853860551791
hysteresis,H_0.000,split,True,55.274683258435964
hysteresis,H_0.025,chest,True,51.54150457837095
hysteresis,H_0.025,retinal,True,49.529314879862795
hysteresis,H_0.025,split,True,51.66708832172711
hysteresis,H_0.050,chest,True,50.24445697402283
hysteresis,H_0.050,retinal,True,49.38839896766108
hysteresis,H_0.050,split,True,49.97405034704355
hysteresis,H_0.075,chest,True,50.24445697402283
hysteresis,H_0.075,retinal,True,49.14333700258911
hysteresis,H_0.075,split,True,49.97405034704355
hysteresis,H_0.100,chest,True,50.24445697402283
hysteresis,H_0.100,retinal,True,48.86154125232937
hysteresis,H_0.100,split,True,49.966131807942546
thresholds,TH_high,chest,True,58.86748080927078
thresholds,TH_high,retinal,True,50.88315172578704
thresholds,TH_high,split,True,55.646518701473944
thresholds,TH_low,chest,True,48.94755720470007
thresholds,TH_low,retinal,True,37.88905963983575
thresholds,TH_low,split,True,47.7981613386653
thresholds,TH_nominal,chest,True,50.24445697402283
thresholds,TH_nominal,retinal,True,49.38839896766108
thresholds,TH_nominal,split,True,49.97405034704355
weights,W0_nominal,chest,True,50.24445697402283
weights,W0_nominal,retinal,True,49.38839896766108
weights,W0_nominal,split,True,49.97405034704355
weights,W_A_minus05,chest,True,51.087730847856974
weights,W_A_minus05,retinal,True,49.57216065568364
weights,W_A_minus05,split,True,50.40126553691698
weights,W_A_plus05,chest,True,49.98515769944342
weights,W_A_plus05,retinal,True,48.38976875443197
weights,W_A_plus05,split,True,49.88702503058787
weights,W_C_minus05,chest,True,51.02290602921211
weights,W_C_minus05,retinal,True,49.9949444664325
weights,W_C_minus05,split,True,49.97405034704355
weights,W_C_plus05,chest,True,50.04998251808828
weights,W_C_plus05,retinal,True,43.23105282903742
weights,W_C_plus05,split,True,49.60221490400558
weights,W_T_minus05,chest,True,49.98515769944342
weights,W_T_minus05,retinal,True,44.5666516185953
weights,W_T_minus05,split,True,49.56265794198026
weights,W_T_plus05,chest,True,51.087730847856974
weights,W_T_plus05,retinal,True,49.9949444664325
weights,W_T_plus05,split,True,50.013607309068874
weights,W_U_minus05,chest,True,49.98515769944342
weights,W_U_minus05,retinal,True,46.88258072362671
weights,W_U_minus05,split,True,49.966138954638495
weights,W_U_plus05,chest,True,51.02290602921211
weights,W_U_plus05,retinal,True,49.633430012038474
weights,W_U_plus05,split,True,50.2667718660309
weights,W_equal,chest,True,51.60570550800965
weights,W_equal,retinal,True,49.25354866505055
weights,W_equal,split,True,52.26044275210684
