family,scenario,parameterization
weights,W0_nominal,0.300000/0.250000/0.300000/0.150000
weights,W_A_minus05,0.250000/0.267857/0.321429/0.160714
weights,W_A_plus05,0.350000/0.232143/0.278571/0.139286
weights,W_C_minus05,0.320000/0.200000/0.320000/0.160000
weights,W_C_plus05,0.280000/0.300000/0.280000/0.140000
weights,W_T_minus05,0.321429/0.267857/0.250000/0.160714
weights,W_T_plus05,0.278571/0.232143/0.350000/0.139286
weights,W_U_minus05,0.317647/0.264706/0.317647/0.100000
weights,W_U_plus05,0.282353/0.235294/0.282353/0.200000
weights,W_equal,0.250000/0.250000/0.250000/0.250000
thresholds,TH_low,"(0.25, 0.45, 0.65)"
thresholds,TH_nominal,"(0.3, 0.5, 0.7)"
thresholds,TH_high,"(0.35, 0.55, 0.75)"
hysteresis,H_0.000,0
hysteresis,H_0.025,0.025
hysteresis,H_0.050,0.05
hysteresis,H_0.075,0.075
hysteresis,H_0.100,0.1
clinical,C_minus10,minus10
clinical,C_nominal,nominal
clinical,C_plus10,plus10
clinical,C_shrink50,shrink50
clinical,C_dataset_mean,dataset_mean
