dataset,shift,n_images,accuracy,accuracy_ci95_low,accuracy_ci95_high,macro_f1,balanced_accuracy,prediction_agreement_clean_mean,prediction_agreement_clean_ci95_low,prediction_agreement_clean_ci95_high,uncertainty_mean,uncertainty_ci95_low,uncertainty_ci95_high,reliability_mean,reliability_ci95_low,reliability_ci95_high,tile_spearman_vs_clean_mean,tile_spearman_vs_clean_ci95_low,tile_spearman_vs_clean_ci95_high,top50_jaccard_vs_clean_mean,top50_jaccard_vs_clean_ci95_low,top50_jaccard_vs_clean_ci95_high,burden_mean,burden_ci95_low,burden_ci95_high
chest,clean,77,0.922077922077922,0.8571428571428571,0.974025974025974,0.920998632010944,0.9288194444444444,1.0,1.0,1.0,0.18918399123684615,0.124618388071506,0.25999484062275574,0.9307341163421606,0.9135334305900644,0.9467688372140968,1.0,1.0,1.0,1.0,1.0,1.0,0.5137662544556252,0.4968918502475921,0.5305367879726767
chest,gaussian_blur_r1p5,77,0.935064935064935,0.8831168831168831,0.987012987012987,0.933950934980271,0.9399305555555555,0.987012987012987,0.961038961038961,1.0,0.17434506671941577,0.11373317288223707,0.2475397392867379,0.9326331377416462,0.916180832792896,0.948468219842036,0.9691585582776702,0.918585855526728,0.995502866831204,0.9526412446431974,0.9231046572550375,0.9713656898341024,0.5159041239553458,0.49959200209175997,0.532526383371177
chest,jpeg_q40,77,0.922077922077922,0.8571428571428571,0.974025974025974,0.920998632010944,0.9288194444444444,0.974025974025974,0.935064935064935,1.0,0.18463497060854506,0.11620457522024744,0.2550071251861854,0.9350403328123805,0.9174460281920317,0.9503098881815548,0.9451396492270933,0.8719760413196445,0.9948834659786536,0.9366786064160558,0.9000693014401123,0.9628407637619261,0.5181452443750648,0.5017121771447264,0.5338558001105081
chest,downsample50_bilinear,77,0.935064935064935,0.8831168831168831,0.987012987012987,0.933950934980271,0.9399305555555555,0.987012987012987,0.961038961038961,1.0,0.17802716657727652,0.11355794246134804,0.2482528114969134,0.9324017647992481,0.9154214680388376,0.9470897331277465,0.9716988263176968,0.9214790173256097,0.9977027721786427,0.9609179220581349,0.9328328678634474,0.9782021541519029,0.5153357497863955,0.4981171492946806,0.5319699845313058
retinal,clean,816,0.875,0.8529411764705882,0.8958333333333334,0.8729389880860886,0.8753681911576646,1.0,1.0,1.0,0.09483388484519033,0.08529175047116307,0.10510753131022162,0.9868332503235662,0.9850985700803279,0.9883790101556966,1.0,1.0,1.0,1.0,1.0,1.0,0.5827103249966076,0.5781421805907717,0.5873256753242173
retinal,gaussian_blur_r1p5,816,0.875,0.8529411764705882,0.8970588235294118,0.8732203529076568,0.8753681911576648,0.9975490196078431,0.9938725490196079,1.0,0.09495015142807071,0.08522627440778706,0.10500564066389453,0.9860658589659222,0.9842106143342486,0.9878055044068663,0.9982875828273734,0.9954728409826673,0.9997284180763745,0.9910789143822831,0.9891723434415512,0.9923060303133658,0.582148836825189,0.5774571293284751,0.586988196267025
retinal,jpeg_q40,816,0.866421568627451,0.8431372549019608,0.8897058823529411,0.8641560830945244,0.8667668865037286,0.9877450980392157,0.9803921568627451,0.9950980392156863,0.09490915607993701,0.08525320695669301,0.10494978574076151,0.9872068972281162,0.9855817384125354,0.9887243491226543,0.9898029095394163,0.9829642639762742,0.99523788634847,0.9668558373478476,0.9622159076430157,0.970727845383568,0.5829643906349791,0.578538919295933,0.5872551686954501
retinal,downsample50_bilinear,816,0.8762254901960784,0.8529411764705882,0.8982843137254902,0.8742423533229953,0.8765803123697861,0.9963235294117647,0.991421568627451,1.0,0.09549668075139428,0.08552497065583808,0.10521138830278709,0.986056397828803,0.9842302740630283,0.9877677341943661,0.997112619462461,0.9941519305814399,0.9994561977617096,0.9862600548690859,0.9837306063617991,0.9882469376309145,0.5822600945282508,0.5776821977212367,0.5868268741169196
split,clean,632,0.9145569620253164,0.8939873417721519,0.935126582278481,0.9128477222829364,0.913150578936823,1.0,1.0,1.0,0.08521110909548323,0.0731077097129463,0.09735369723206731,0.9919112073611233,0.9909839169417002,0.9927672261737664,1.0,1.0,1.0,1.0,1.0,1.0,0.5557440224021107,0.5504679105946017,0.5609926349960881
split,gaussian_blur_r1p5,632,0.8860759493670886,0.8607594936708861,0.9098101265822784,0.8831953679805153,0.8850624545234053,0.9177215189873418,0.8955300632911393,0.9382911392405063,0.10845156366848276,0.0952832341242907,0.1222048061887591,0.9901167352365542,0.9890824192610299,0.9910324582087372,0.8586188807872799,0.8364820001279568,0.8791464388583786,0.806051306603116,0.7915789049286839,0.8214373697554062,0.5603214561396951,0.5550825992501871,0.5658080243832679
split,jpeg_q40,632,0.8971518987341772,0.875,0.9208860759493671,0.8955429131903954,0.8963138254120575,0.930379746835443,0.9098101265822784,0.9493670886075949,0.09683856306482178,0.0843198762092894,0.1102666086211032,0.9919449817801861,0.9909394395962074,0.9928331568489394,0.8931327626957478,0.8729166554334792,0.9123945206554789,0.8366235323585284,0.8229017796085837,0.8494876717567547,0.5610298336000193,0.5553901328840823,0.5665075638098642
split,downsample50_bilinear,632,0.8971518987341772,0.8734177215189873,0.9208860759493671,0.8946124821464319,0.8962007270982505,0.9414556962025317,0.9224683544303798,0.9588607594936709,0.09878899954579602,0.08618473283963185,0.11126767621037904,0.9908786447176451,0.9898366817255516,0.9917930452512648,0.8911245179815692,0.8711252827898381,0.9100935609871047,0.8364487509135626,0.8226471693877421,0.8500292088374014,0.559138933621064,0.5536246489668618,0.5644984556703911
