dataset,shift,threat,n_images,global_risk_mean,global_risk_ci95_low,global_risk_ci95_high,risk_delta_mean,risk_delta_ci95_low,risk_delta_ci95_high,controller_level_mean,controller_level_ci95_low,controller_level_ci95_high,level_agreement_clean_mean,level_agreement_clean_ci95_low,level_agreement_clean_ci95_high,abs_level_delta_mean,abs_level_delta_ci95_low,abs_level_delta_ci95_high,protected_fraction_mean,protected_fraction_ci95_low,protected_fraction_ci95_high
chest,clean,0.1,77,0.3532542282689677,0.3408073405874879,0.36514190306256444,0.0,0.0,0.0,1.9896103896103894,1.9766233766233765,2.0,1.0,1.0,1.0,0.0,0.0,0.0,0.49755543025977167,0.49422760924094905,0.5001484230055658
chest,clean,0.4,77,0.4432542282689677,0.4305425398754422,0.4553637373161534,0.0,0.0,0.0,2.2701298701298698,2.197337662337662,2.35064935064935,1.0,1.0,1.0,0.0,0.0,0.0,0.5676451833395806,0.5481292196242595,0.5871455474148295
chest,clean,0.7,77,0.5332542282689677,0.521457497448578,0.5454063598900596,0.0,0.0,0.0,2.9454545454545458,2.896103896103896,2.9844155844155846,1.0,1.0,1.0,0.0,0.0,0.0,0.7365966025243249,0.7236246447182051,0.746321548529892
chest,clean,0.95,77,0.6082542282689676,0.5968737305848001,0.6202260359252957,0.0,0.0,0.0,4.0,4.0,4.0,1.0,1.0,1.0,0.0,0.0,0.0,1.0,1.0,1.0
chest,downsample50_bilinear,0.1,77,0.3533502544679647,0.3412867122857633,0.36558608418548727,9.602619899695253e-05,-0.0030216788724563657,0.0033881995985158867,1.9896103896103894,1.9766233766233765,2.0,1.0,1.0,1.0,0.0,0.0,0.0,0.49755543025977167,0.49430151152913704,0.5001484230055658
chest,downsample50_bilinear,0.4,77,0.44335025446796456,0.43176234636906413,0.45520705099740466,9.602619899694676e-05,-0.0028978287925537478,0.0035619728198042996,2.202597402597402,2.14025974025974,2.272727272727273,0.9064935064935065,0.8571428571428571,0.948051948051948,0.09350649350649351,0.05194805194805195,0.14285714285714285,0.5507685195393175,0.5339229336432829,0.5664305448896643
chest,downsample50_bilinear,0.7,77,0.5333502544679647,0.521433350871102,0.5446434897890433,9.602619899694893e-05,-0.002800294927887008,0.003220910398597953,2.9454545454545458,2.898701298701299,2.987012987012987,1.0,1.0,1.0,0.0,0.0,0.0,0.7365966025243249,0.7236199253895105,0.7463245440790917
chest,downsample50_bilinear,0.95,77,0.6083502544679648,0.5963079304569789,0.6194232656545516,9.602619899694244e-05,-0.002966368486094047,0.0033540045042553344,4.0,4.0,4.0,1.0,1.0,1.0,0.0,0.0,0.0,1.0,1.0,1.0
chest,gaussian_blur_r1p5,0.1,77,0.3529684517399706,0.34102560902961176,0.3640869276140716,-0.00028577652899709093,-0.0036111178563095515,0.0031588738124066268,1.9896103896103894,1.976623376623377,2.0,1.0,1.0,1.0,0.0,0.0,0.0,0.49755543025977167,0.49427708357613764,0.500160791589363
chest,gaussian_blur_r1p5,0.4,77,0.44296845173997057,0.4313694761791723,0.4549137865172374,-0.00028577652899709164,-0.003549038518878867,0.0031463785069813484,2.2285714285714286,2.163636363636363,2.2961688311688313,0.9116883116883118,0.8675324675324675,0.9532467532467531,0.0883116883116883,0.04935064935064935,0.13246753246753246,0.5572618916373465,0.5410404441140555,0.5747676436587906
chest,gaussian_blur_r1p5,0.7,77,0.5329684517399707,0.5209259738348591,0.5440122625067971,-0.00028577652899709164,-0.0034710063118697262,0.003107069028653166,2.9454545454545458,2.896103896103896,2.9844155844155846,1.0,1.0,1.0,0.0,0.0,0.0,0.7365966025243249,0.7242619496478944,0.7457428930516486
chest,gaussian_blur_r1p5,0.95,77,0.6079684517399706,0.5962096296193916,0.6195313991990207,-0.0002857765289970967,-0.003641370683904091,0.0034104537704188883,4.0,4.0,4.0,1.0,1.0,1.0,0.0,0.0,0.0,1.0,1.0,1.0
chest,jpeg_q40,0.1,77,0.35388557215055444,0.342793905251401,0.3652953241756648,0.0006313438815867061,-0.002935107144443775,0.004293450443719605,1.9896103896103894,1.9766233766233765,2.0,1.0,1.0,1.0,0.0,0.0,0.0,0.49755543025977167,0.494215113611427,0.5001363636363637
chest,jpeg_q40,0.4,77,0.44388557215055435,0.43213405638449154,0.45579765226996943,0.0006313438815867041,-0.002973883515792594,0.004372429367851049,2.21038961038961,2.14538961038961,2.2857142857142856,0.9194805194805195,0.8675324675324677,0.9584415584415585,0.0805194805194805,0.03896103896103896,0.1272727272727273,0.5527226213837905,0.5358823656333964,0.5715495421104081
chest,jpeg_q40,0.7,77,0.5338855721505545,0.5221723039773564,0.5454434238661446,0.0006313438815867061,-0.0026129235906793926,0.004393067019432405,2.9454545454545458,2.896103896103896,2.9844155844155846,1.0,1.0,1.0,0.0,0.0,0.0,0.7365966025243249,0.7242864852222722,0.746319824750397
chest,jpeg_q40,0.95,77,0.6088855721505544,0.5979822707698057,0.6200027556771518,0.0006313438815866932,-0.0026148457987653735,0.004507151804581584,4.0,4.0,4.0,1.0,1.0,1.0,0.0,0.0,0.0,1.0,1.0,1.0
retinal,clean,0.1,816,0.4177514155198785,0.4141560679974783,0.4213511302787596,0.0,0.0,0.0,2.024019607843137,2.0151960784313725,2.033578431372549,1.0,1.0,1.0,0.0,0.0,0.0,0.5061160103233892,0.5040334242401755,0.5085022943155394
retinal,clean,0.4,816,0.5077514155198785,0.5041070305282729,0.5113858403565619,0.0,0.0,0.0,2.822549019607843,2.8000000000000003,2.845104166666667,1.0,1.0,1.0,0.0,0.0,0.0,0.7057078056201455,0.7000080290736984,0.7112876407922294
retinal,clean,0.7,816,0.5977514155198784,0.5943166058374099,0.6011378310086413,0.0,0.0,0.0,2.9997549019607845,2.9992647058823523,3.0,1.0,1.0,1.0,0.0,0.0,0.0,0.7499946404129356,0.7498674532891374,0.7500605530269298
retinal,clean,0.95,816,0.6727514155198785,0.6692774415019891,0.6766257531920352,0.0,0.0,0.0,4.0,4.0,4.0,1.0,1.0,1.0,0.0,0.0,0.0,1.0,1.0,1.0
retinal,downsample50_bilinear,0.1,816,0.41771576576530206,0.4140393866937963,0.4213574569961721,-3.564975457642613e-05,-0.00037883103787521646,0.0002500797526690285,2.0274509803921568,2.0178921568627453,2.0377512254901964,0.9926470588235294,0.9870098039215686,0.9973039215686273,0.007352941176470588,0.0029411764705882357,0.0125,0.506973801926153,0.5047047254036181,0.5095443938719306
retinal,downsample50_bilinear,0.4,816,0.5077157657653021,0.504059233645413,0.5112933329254321,-3.564975457642722e-05,-0.00038233325323245286,0.00026392005613477256,2.8215686274509806,2.7975490196078434,2.844852941176471,0.9960784313725489,0.9928921568627451,0.9982843137254902,0.00392156862745098,0.001715686274509804,0.006862745098039216,0.7054627075809297,0.6999549498363266,0.7111554380740942
retinal,downsample50_bilinear,0.7,816,0.5977157657653019,0.5938578234001058,0.6013196964749555,-3.5649754576425856e-05,-0.0003705912210840199,0.000250935040432088,3.0002450980392155,2.99656862745098,3.003682598039216,0.9970588235294118,0.9931372549019609,0.9997549019607842,0.0029411764705882353,0.00024509803921568627,0.0068627450980392165,0.7501171894325435,0.7492636623089103,0.7510360558489586
retinal,downsample50_bilinear,0.95,816,0.672715765765302,0.6689835949133767,0.6765551569490148,-3.5649754576433405e-05,-0.00036799131453965346,0.00024572142345700727,4.0,4.0,4.0,1.0,1.0,1.0,0.0,0.0,0.0,1.0,1.0,1.0
retinal,gaussian_blur_r1p5,0.1,816,0.41753913454608105,0.41407912236172395,0.4211443713727701,-0.00021228097379741507,-0.00040544928603731753,-4.275979440538832e-05,2.0223039215686276,2.0139705882352943,2.0316176470588236,0.9977941176470588,0.9948529411764705,0.9997549019607842,0.0022058823529411764,0.00024509803921568627,0.005147058823529412,0.5056871402892528,0.5035524038778674,0.5081413931215883
retinal,gaussian_blur_r1p5,0.4,816,0.507539134546081,0.5037732180221796,0.5111526599510698,-0.00021228097379741745,-0.0004021363944639141,-3.679801443064035e-05,2.8208333333333337,2.7965686274509802,2.8438786764705886,0.9982843137254902,0.9958333333333333,0.9997549019607842,0.001715686274509804,0.00024509803921568627,0.0041666666666666675,0.705279090189482,0.6995813763110376,0.7112193215175053
retinal,gaussian_blur_r1p5,0.7,816,0.5975391345460811,0.5936609289928165,0.6010786691320835,-0.00021228097379741444,-0.00039775173848375565,-4.652722027193594e-05,2.9997549019607845,2.996317401960784,3.0031862745098037,0.9975490196078431,0.9938725490196079,1.0,0.0024509803921568627,0.0,0.006127450980392157,0.7499946404129356,0.7490809081201867,0.7508530117787232
retinal,gaussian_blur_r1p5,0.95,816,0.672539134546081,0.6688933274683714,0.6760417865710728,-0.00021228097379741976,-0.0003952617554877226,-4.087008321442096e-05,4.0,4.0,4.0,1.0,1.0,1.0,0.0,0.0,0.0,1.0,1.0,1.0
retinal,jpeg_q40,0.1,816,0.41750191609268034,0.4137864042102303,0.42111501195962076,-0.00024949942719810467,-0.0007671872513010756,0.000202055327600059,2.0230392156862744,2.014705882352941,2.032843137254902,0.9911764705882353,0.9848039215686275,0.9963235294117647,0.008823529411764706,0.00392156862745098,0.015196078431372547,0.5058708607496826,0.5036695237388479,0.5083187439189301
retinal,jpeg_q40,0.4,816,0.5075019160926804,0.504013221767459,0.5110572825753189,-0.00024949942719810673,-0.0007629834904581389,0.00020587430973255405,2.8147058823529414,2.792395833333334,2.836764705882353,0.9897058823529411,0.9845588235294117,0.9941176470588236,0.010294117647058823,0.005637254901960785,0.015931372549019607,0.70374753665133,0.6974980172104585,0.7093840172475635
retinal,jpeg_q40,0.7,816,0.5975019160926804,0.5937885053227008,0.6009852425777258,-0.00024949942719810467,-0.0007569456766074884,0.00020899282074196698,3.0012254901960786,2.9995098039215686,3.004166666666667,0.9985294117647058,0.995827205882353,1.0,0.0014705882352941176,0.0,0.0041666666666666675,0.7503622874717591,0.7499333594613202,0.7510404427225054
retinal,jpeg_q40,0.95,816,0.6725019160926804,0.6688026130105831,0.6759739955038,-0.00024949942719811003,-0.00076987286151106,0.00021824276883233544,4.0,4.0,4.0,1.0,1.0,1.0,0.0,0.0,0.0,1.0,1.0,1.0
split,clean,0.1,632,0.375288100933057,0.3706049799155652,0.37938564055804896,0.0,0.0,0.0,2.0009493670886074,1.9987341772151899,2.0044303797468355,1.0,1.0,1.0,0.0,0.0,0.0,0.5002594965295645,0.4997035550524282,0.5012095782877659
split,clean,0.4,632,0.46528810093305695,0.46067898448483785,0.46963669711139655,0.0,0.0,0.0,2.5120253164556963,2.4800632911392406,2.544620253164557,1.0,1.0,1.0,0.0,0.0,0.0,0.6280379056692972,0.6201202318788209,0.6358823141654382
split,clean,0.7,632,0.5552881009330569,0.5506556748152113,0.559616324421301,0.0,0.0,0.0,2.963291139240506,2.9490506329113924,2.9762658227848102,1.0,1.0,1.0,0.0,0.0,0.0,0.7408575773786724,0.7371504851790383,0.7441847850315304
split,clean,0.95,632,0.630288100933057,0.6259847909514104,0.634820544669963,0.0,0.0,0.0,4.0,4.0,4.0,1.0,1.0,1.0,0.0,0.0,0.0,1.0,1.0,1.0
split,downsample50_bilinear,0.1,632,0.3805584477397076,0.3761602948422851,0.384901752550874,0.005270346806650626,0.003071127466095615,0.007451984071609653,2.007911392405063,2.0015822784810124,2.0158227848101267,0.989873417721519,0.9810126582278481,0.9968354430379747,0.010126582278481013,0.0034810126582278484,0.018037974683544303,0.5020000028586784,0.5004212798588956,0.503977868826684
split,downsample50_bilinear,0.4,632,0.4705584477397075,0.46607470028402437,0.4749014337088397,0.005270346806650626,0.0030850905911492324,0.007563256283644807,2.562974683544304,2.5310126582278483,2.5943037974683545,0.8832278481012659,0.8651898734177215,0.9003164556962026,0.11677215189873419,0.0990506329113924,0.1357594936708861,0.6407755333092866,0.633255962928219,0.64852511886224
split,downsample50_bilinear,0.7,632,0.5605584477397075,0.5559482691684836,0.5649197021565049,0.0052703468066506295,0.0030256374066115334,0.007588665921231463,2.954113924050633,2.9389240506329117,2.9683544303797467,0.9598101265822785,0.9449287974683543,0.9724683544303796,0.04018987341772152,0.027523734177215188,0.05412183544303793,0.7385632735812041,0.7347646528220535,0.7421228465588482
split,downsample50_bilinear,0.95,632,0.6355584477397076,0.6310150607639476,0.6400382518764072,0.005270346806650623,0.003066074319206796,0.007575743326230283,4.0,4.0,4.0,1.0,1.0,1.0,0.0,0.0,0.0,1.0,1.0,1.0
split,gaussian_blur_r1p5,0.1,632,0.38248125999977584,0.37818125782595385,0.38661327892253217,0.007193159066718893,0.004740678829475237,0.009857053368764865,2.0123417721518986,2.0044303797468355,2.0218354430379746,0.9854430379746835,0.975632911392405,0.9936708860759493,0.014556962025316455,0.006329113924050633,0.024367088607594935,0.5031075977953873,0.5011326083724972,0.5054013119904406
split,gaussian_blur_r1p5,0.4,632,0.4724812599997758,0.4682020650080029,0.4767750529908672,0.0071931590667188945,0.004675071014660522,0.00984434693266959,2.5708860759493675,2.5404905063291143,2.6006329113924047,0.8664556962025317,0.8484177215189874,0.8864003164556962,0.13354430379746837,0.11550632911392406,0.1531645569620253,0.6427531670096743,0.6349940859505295,0.6505870904571092
split,gaussian_blur_r1p5,0.7,632,0.5624812599997758,0.5581988469317578,0.5666126187818669,0.007193159066718896,0.004701308555256929,0.009792030712174686,2.962974683544304,2.9484177215189873,2.9765822784810125,0.9477848101265823,0.9322784810126583,0.9623417721518988,0.05221518987341772,0.037658227848101265,0.06867088607594936,0.7407784634546218,0.7370495077254346,0.7441045032887319
split,gaussian_blur_r1p5,0.95,632,0.6374812599997759,0.6330855313220477,0.641526350796479,0.0071931590667188945,0.004605418817108924,0.009831393508071199,4.0,4.0,4.0,1.0,1.0,1.0,0.0,0.0,0.0,1.0,1.0,1.0
split,jpeg_q40,0.1,632,0.3835625826409949,0.37941377975546625,0.38787373685153514,0.008274481707937925,0.005821127383652966,0.010830301382725529,2.007911392405063,2.0015822784810124,2.015506329113924,0.989873417721519,0.9813291139240508,0.9965189873417721,0.010126582278481013,0.0031645569620253164,0.018354430379746836,0.5020000028586784,0.5004169918413319,0.503979994968726
split,jpeg_q40,0.4,632,0.47356258264099493,0.46926684024351156,0.4777708650471948,0.008274481707937924,0.005993341616249889,0.010867775872496406,2.6123417721518987,2.5800632911392403,2.6414556962025317,0.8547468354430381,0.8348022151898733,0.87373417721519,0.14525316455696202,0.125,0.16550632911392404,0.6531173054611853,0.6452030509524068,0.6609396324641191
split,jpeg_q40,0.7,632,0.5635625826409949,0.559096937057404,0.5677867676837153,0.008274481707937924,0.005836479343971226,0.010908141556092979,2.9645569620253163,2.9503164556962025,2.9765822784810125,0.9689873417721521,0.9563291139240507,0.9806962025316455,0.031012658227848097,0.019936708860759496,0.04335443037974683,0.741174033074875,0.7377693874087363,0.7443409330642489
split,jpeg_q40,0.95,632,0.6385625826409949,0.6341684275419388,0.6428583737542867,0.008274481707937917,0.005704056229214408,0.011038771882861967,4.0,4.0,4.0,1.0,1.0,1.0,0.0,0.0,0.0,1.0,1.0,1.0
