shift,threat,global_risk_mean,risk_delta_mean,controller_level_mean,level_agreement_clean_mean,abs_level_delta_mean,protected_fraction_mean
clean,0.1,0.3820979149073011,0.0,2.004859788180711,1.0,0.0,0.5013103123709084
clean,0.4,0.4720979149073011,0.0,2.53490140206447,1.0,0.0,0.6337969648763411
clean,0.7,0.562097914907301,0.0,2.9695001955519458,1.0,0.0,0.7424829401053109
clean,0.95,0.6370979149073009,0.0,4.0,1.0,0.0,1.0
downsample50_bilinear,0.1,0.3838748226576581,0.001776907750357051,2.0083242541358697,0.9941734921816828,0.0058265078183172,0.5021764116815344
downsample50_bilinear,0.4,0.47387482265765807,0.0017769077503570485,2.5290469045308956,0.9285999286557738,0.07140007134422623,0.6323355868098446
downsample50_bilinear,0.7,0.5638748226576581,0.001776907750357051,2.966604522514798,0.9856229833705634,0.014377016629436584,0.7417590218460242
downsample50_bilinear,0.95,0.638874822657658,0.001776907750357044,4.0,1.0,0.0,1.0
gaussian_blur_r1p5,0.1,0.38432961542860916,0.0022317005213081287,2.008085361110305,0.9944123852072474,0.0055876147927525445,0.5021167227814706
gaussian_blur_r1p5,0.4,0.47432961542860913,0.0022317005213081287,2.5400969459513765,0.9254761072054446,0.0745238927945555,0.6350980496121675
gaussian_blur_r1p5,0.7,0.5643296154286092,0.00223170052130813,2.9693947103198783,0.9817779432448085,0.018222056755191528,0.742456568797294
gaussian_blur_r1p5,0.95,0.6393296154286091,0.002231700521308126,4.0,1.0,0.0,1.0
jpeg_q40,0.1,0.3849833569614099,0.002885442054108842,2.0068536659005756,0.9936832961032515,0.006316703896748574,0.5018087646227108
jpeg_q40,0.4,0.47498335696140986,0.0028854420541088405,2.5458124216314832,0.9213110790921663,0.07868892090783379,0.6365291544987687
jpeg_q40,0.7,0.56498335696141,0.0028854420541088413,2.970412332558647,0.9891722511789526,0.010827748821047404,0.7427109743569863
jpeg_q40,0.95,0.6399833569614098,0.0028854420541088335,4.0,1.0,0.0,1.0
